eta,density_ng_mean,density_ng_err
1,0.97551,0.222436
1.2,0.476124,0.141885
1.4,0.0473711,0.0195831
1.6,0.00385394,0.00146479
1.8,5.37994e-06,4.6994e-06
