eta,density_mean,density_err
1,1.253,0.017564
1.2,0.9305,0.015174
1.4,0.5175,0.0128192
1.6,0.108,0.0056729
1.8,0.0315,0.00441845
